tube,R_op,V_op,T_op,P_op,r_top_ref,r_bot_ref,r_sense,r_amb,r_int_scale,T_peak,T_final,T_overshoot,t_95target,t_settle_5K,t_settle_10K,v_ctl_final,R_final,V_fil_rms,I_fil_rms
IV-3,100,1.0,800,0.01,990.0,100,10,30.82034680344799,0.3,785.667371,782.890987,-14.332628999999997,0.315050849,0.340147703,0.307759958,-0.55241608,97.4390201,0.8350508206330677,0.00856998376806406
IV-6,20,1.0,800,0.05,1980.0,500,5,6.164069360689598,0.42,1145.51524,1143.2625,345.51523999999995,0.0666467349,0.517970666,0.385565512,-0.548609619,30.6970901,3.7990037147909765,0.12375777972489244
ILC1-1/7,25,5.0,800,1.0,4950.0,1000,5,7.705086700861997,0.3,836.577181,836.421289,36.577180999999996,0.179137599,0.348096326,0.300942664,0.0,26.3719537,4.1546475364592235,0.15754037731604328
ILC1-1/8,8,1.2,800,0.18,792.0,200,2,2.465627744275839,0.42,963.988006,963.108756,163.98800600000004,0.0936616823,0.622855448,0.433253938,-0.417456142,9.99523012,2.529680045792655,0.2530887248639609
