tube,R_op,V_op,T_op,P_op,r_top_ref,r_bot_ref,r_sense,r_amb,r_int_scale,T_peak,T_final,T_overshoot,t_95target,t_settle_5K,t_settle_10K,v_ctl_final,R_final,V_fil_rms,I_fil_rms
IV-3,100,1.0,800,0.01,990.0,100,10,30.82034680344799,0.3,795.485998,794.42763,-4.514002000000005,0.280822074,0.371197759,0.328429991,-0.582086704,99.1645772,0.8278902419994145,0.008348648936703323
IV-6,20,1.0,800,0.05,1980.0,500,5,6.164069360689598,0.3,831.589808,825.062027,31.589807999999948,0.174917865,0.419599024,0.222686631,-0.790246318,20.754199,0.837782573021617,0.04036689505683245
ILC1-1/7,25,5.0,800,1.0,4950.0,1000,5,7.705086700861997,0.3,618.023079,617.95146,-181.97692099999995,nan,0.988836852,0.852647476,-1.0,18.3390758,2.16648659818918,0.11813499337786586
ILC1-1/8,8,1.2,800,0.18,792.0,200,2,2.465627744275839,0.3,810.656262,798.858403,10.65626199999997,0.220646894,0.516905503,0.3988555,-0.763846876,7.9863101,0.8420716561816165,0.10543938885889449
