tube,R_op,V_op,T_op,P_op,r_top_ref,r_bot_ref,r_sense,r_amb,r_int_scale,T_peak,T_final,T_overshoot,t_95target,t_settle_5K,t_settle_10K,v_ctl_final,R_final,V_fil_rms,I_fil_rms
IV-3,100,1.0,800,0.01,990.0,100,10,30.82034680344799,0.3,765.091809,761.085447,-34.90819099999999,nan,0.320906018,0.292588324,-0.517134976,94.1914446,0.831744862228866,0.008830365281698482
IV-6,20,1.0,800,0.05,1980.0,500,5,6.164069360689598,0.3,830.235339,748.561184,30.235338999999954,0.144958424,2.93897464,2.29292271,0.0640413544,18.466935,1.0683216059436813,0.05785050989477579
ILC1-1/7,25,5.0,800,1.0,4950.0,1000,5,7.705086700861997,0.3,835.036437,790.240243,35.03643699999998,0.172719962,0.623245385,0.548012401,0.388924845,24.6344676,4.0817132389157,0.16569114888911585
ILC1-1/8,8,1.2,800,0.18,792.0,200,2,2.465627744275839,0.3,808.208819,759.701221,8.208818999999949,0.184109062,1.68492364,1.26158166,-0.242045107,7.51889101,1.3077151145983479,0.17392393543929663
