tube,R_op,V_op,T_op,P_op,r_top_ref,r_bot_ref,r_sense,r_amb,r_int_scale,T_peak,T_final,T_overshoot,t_95target,t_settle_5K,t_settle_10K,v_ctl_final,R_final,V_fil_rms,I_fil_rms
IV-3,100,1.0,800,0.01,1000.0,100,10,30.82034680344799,0.3,802.036286,801.835739,2.0362860000000182,1.06031488,2.23980264,1.73490791,-2.39889592,100.275272,1.1489481972346904,0.01145794146770991
IV-6,20,1.0,800,0.05,2000.0,500,5,6.164069360689598,0.3,806.303876,805.955379,6.303875999999946,1.60966074,2.81389706,2.38350958,-1.23679132,20.1787962,1.3298539942437873,0.06590353463423092
ILC1-1/7,25,5.0,800,1.0,5000.0,1000,5,7.705086700861997,0.3,836.833441,799.753168,36.83344099999999,0.187704059,0.908095461,0.734555296,-0.190929186,24.9907548,4.503613233663421,0.18021117287995722
ILC1-1/8,8,1.2,800,0.18,800.0,200,2,2.465627744275839,0.3,801.554326,801.47674,1.5543259999999464,1.33474774,2.02429498,1.74342311,-1.22512496,8.01773149,1.5189757363937502,0.1894520586388146
