tube,R_op,V_op,T_op,P_op,r_top_ref,r_bot_ref,r_sense,r_amb,r_int_scale,T_peak,T_final,T_overshoot,t_95target,t_settle_5K,t_settle_10K,v_ctl_final,R_final,V_fil_rms,I_fil_rms
IV-3,100,1.0,800,0.01,990.0,100,10,30.82034680344799,0.3,795.485998,794.42763,-4.514002000000005,0.280822074,0.371197759,0.328429991,-0.582086704,99.1645772,0.8278902419994145,0.008348648936703323
IV-6,20,1.0,800,0.05,1980.0,500,5,6.164069360689598,0.3,839.719956,825.009375,39.719956000000025,0.189125713,0.529617406,0.415517772,-0.796637724,20.7526096,0.7650449985866234,0.03686500220129537
ILC1-1/7,25,5.0,800,1.0,4950.0,1000,5,7.705086700861997,0.3,483.542154,483.454465,-316.457846,nan,2.14537569,1.80795332,-1.0,13.660258,1.396172390150557,0.10220688292641009
ILC1-1/8,8,1.2,800,0.18,792.0,200,2,2.465627744275839,0.3,720.701658,720.559685,-79.29834200000005,nan,0.975547799,0.862734218,-1.0,7.05645136,0.9295609728511506,0.13173207401675488
