tube,R_op,V_op,T_op,P_op,r_top_ref,r_bot_ref,r_sense,r_amb,r_int_scale,T_peak,T_final,T_overshoot,t_95target,t_settle_5K,t_settle_10K,v_ctl_final,R_final,V_fil_rms,I_fil_rms
IV-3,100,1.0,800,0.01,1000.0,100,10,30.82034680344799,0.3,801.865678,801.502543,1.8656780000000026,1.43654376,2.59506929,2.10619063,0.716653421,100.225272,1.0047598851497466,0.010025015299033027
IV-6,20,1.0,800,0.05,2000.0,500,5,6.164069360689598,0.3,802.636679,799.562475,2.6366789999999583,2.25913171,2.31772258,2.29570678,-2.34521405,19.9868771,0.9983125767272526,0.04994840223074432
ILC1-1/7,25,5.0,800,1.0,5000.0,1000,5,7.705086700861997,0.3,810.842385,799.523688,10.842385000000036,0.38754917,0.58161906,0.495374187,-2.37713015,24.9821501,4.988024613549616,0.19966354351339904
ILC1-1/8,8,1.2,800,0.18,800.0,200,2,2.465627744275839,0.3,791.34616,788.52879,-8.653839999999946,1.56535199,1.63741065,1.59025474,-2.67549725,7.86255082,1.1545127882182822,0.14683692540104715
