tube,R_op,V_op,T_op,P_op,r_top_ref,r_bot_ref,r_sense,r_amb,r_int_scale,T_peak,T_final,T_overshoot,t_95target,t_settle_5K,t_settle_10K,v_ctl_final,R_final,V_fil_rms,I_fil_rms
IV-3,100,1.0,800,0.01,990.0,100,10,30.82034680344799,0.3,766.13664,760.876,-33.86335999999994,nan,0.52937781,0.282238194,-0.505116881,94.1603402,0.8311261957737727,0.0088267119044858
IV-6,20,1.0,800,0.05,1980.0,500,5,6.164069360689598,0.3,829.480223,748.558124,29.480223000000024,0.146949245,2.93596122,2.28990402,0.064058639,18.4668444,1.069109913344523,0.05789348143013124
ILC1-1/7,25,5.0,800,1.0,4950.0,1000,5,7.705086700861997,0.3,851.411958,790.315167,51.41195800000003,0.169690955,0.708967111,0.633708406,0.419603519,24.6372704,4.040616523467123,0.16400422846628024
ILC1-1/8,8,1.2,800,0.18,792.0,200,2,2.465627744275839,0.3,807.795688,759.701056,7.795688000000041,0.184992015,1.68190757,1.25856729,-0.242049511,7.51888905,1.3078883254137585,0.17394701753362865
