tube,R_op,V_op,T_op,P_op,r_top_ref,r_bot_ref,r_sense,r_amb,r_int_scale,T_peak,T_final,T_overshoot,t_95target,t_settle_5K,t_settle_10K,v_ctl_final,R_final,V_fil_rms,I_fil_rms
IV-3,100,1.0,800,0.01,1000.0,100,10,30.82034680344799,0.3,801.865678,801.502543,1.8656780000000026,1.43654376,2.59506929,2.10619063,0.716653421,100.225272,1.0047598851497466,0.010025015299033027
IV-6,20,1.0,800,0.05,2000.0,500,5,6.164069360689598,0.3,994.760863,800.551048,194.76086299999997,0.108000023,0.973155809,0.881883697,-2.24959364,20.0165346,1.0028611728112227,0.05010163811328374
ILC1-1/7,25,5.0,800,1.0,5000.0,1000,5,7.705086700861997,0.3,872.18017,799.789177,72.18016999999998,0.191947668,0.7844868,0.708225552,-2.29008016,24.9921051,4.995310001853826,0.19987551996385555
ILC1-1/8,8,1.2,800,0.18,800.0,200,2,2.465627744275839,0.3,981.551376,800.284662,181.551376,0.123046551,0.925001454,0.839728328,-2.26504333,8.00342339,1.2025843168778096,0.1502587403260956
