tube,R_op,V_op,T_op,P_op,r_top_ref,r_bot_ref,r_sense,r_amb,r_int_scale,T_peak,T_final,T_overshoot,t_95target,t_settle_5K,t_settle_10K,v_ctl_final,R_final,V_fil_rms,I_fil_rms
IV-3,100,1.0,800,0.01,1000.0,100,10,30.82034680344799,0.3,800.949084,800.067453,0.9490839999999707,0.269304128,0.415800882,0.350046535,-0.573387527,100.009966,0.8694028056158192,0.008693161695663601
IV-6,20,1.0,800,0.05,2000.0,500,5,6.164069360689598,0.3,845.66927,806.305448,45.66926999999998,0.140818997,1.57459789,1.14421168,-0.192087494,20.1893143,1.32246730383245,0.06550332934449636
ILC1-1/7,25,5.0,800,1.0,5000.0,1000,5,7.705086700861997,0.3,858.044127,799.541215,58.044127,0.169691833,0.758665761,0.680422887,0.386341858,24.9828073,4.163148774544838,0.16664055102185563
ILC1-1/8,8,1.2,800,0.18,800.0,200,2,2.465627744275839,0.3,821.427604,801.397992,21.427603999999974,0.124472993,0.898432139,0.635580838,-0.392908237,8.01678617,1.5154178206726556,0.18903059013143864
