tube,R_op,V_op,T_op,P_op,r_top_ref,r_bot_ref,r_sense,r_amb,r_int_scale,T_peak,T_final,T_overshoot,t_95target,t_settle_5K,t_settle_10K,v_ctl_final,R_final,V_fil_rms,I_fil_rms
IV-3,100,1.0,800,0.01,990.0,100,10,30.82034680344799,0.3,785.667371,782.890987,-14.332628999999997,0.315050849,0.340147703,0.307759958,-0.55241608,97.4390201,0.8350508206330677,0.00856998376806406
IV-6,20,1.0,800,0.05,1980.0,500,5,6.164069360689598,0.3,1085.32514,1057.97955,285.3251399999999,0.0464835124,0.174863908,0.142789707,0.0,27.9701493,1.3003895833451067,0.04649205012806659
ILC1-1/7,25,5.0,800,1.0,4950.0,1000,5,7.705086700861997,0.3,731.02416,729.810555,-68.97583999999995,nan,0.519639962,0.47048053,-0.877443156,22.3915614,2.2273805162599056,0.09947410439452005
ILC1-1/8,8,1.2,800,0.18,792.0,200,2,2.465627744275839,0.3,981.637317,980.999406,181.63731700000005,0.0642705588,0.1895984,0.151493724,0.0,10.2184469,1.2829090025715844,0.12554833578198507
