tube,R_op,V_op,T_op,P_op,r_top_ref,r_bot_ref,r_sense,r_amb,r_int_scale,T_peak,T_final,T_overshoot,t_95target,t_settle_5K,t_settle_10K,v_ctl_final,R_final,V_fil_rms,I_fil_rms
IV-3,100,1.0,800,0.01,1000.0,100,10,30.82034680344799,0.3,771.903165,768.124691,-28.096835000000056,nan,0.31969915,0.291387703,-0.517066831,95.2378158,0.8403948518797492,0.008824171835739948
IV-6,20,1.0,800,0.05,2000.0,500,5,6.164069360689598,0.3,832.291103,755.374074,32.29110300000002,0.14583723,2.95202116,2.2568132,0.0313614503,18.6688062,1.0968522740097744,0.058753209083598205
ILC1-1/7,25,5.0,800,1.0,5000.0,1000,5,7.705086700861997,0.3,856.54546,796.961869,56.54546000000005,0.169690937,0.745595433,0.667832866,0.395993542,24.886124,4.121425700175772,0.16561139453358714
ILC1-1/8,8,1.2,800,0.18,800.0,200,2,2.465627744275839,0.3,811.802185,767.655259,11.802185000000009,0.161569392,1.5404651,1.14622865,-0.273350108,7.61345658,1.3435764666814858,0.17647391202190132
