tube,R_op,V_op,T_op,P_op,r_top_ref,r_bot_ref,r_sense,r_amb,r_int_scale,T_peak,T_final,T_overshoot,t_95target,t_settle_5K,t_settle_10K,v_ctl_final,R_final,V_fil_rms,I_fil_rms
IV-3,100,1.0,800,0.01,1000.0,100,10,30.82034680344799,0.3,801.867389,801.509054,1.8673890000000029,1.4365327,2.5950691,2.10718346,0.723529424,100.226249,1.1189295827020245,0.01116403730425973
IV-6,20,1.0,800,0.05,2000.0,500,5,6.164069360689598,0.3,806.164763,805.769658,6.1647629999999936,1.98617864,3.17044702,2.75005459,-1.04670087,20.1732164,1.2413758528553633,0.06153584179344664
ILC1-1/7,25,5.0,800,1.0,5000.0,1000,5,7.705086700861997,0.3,806.350049,800.047731,6.350049000000013,0.28731281,0.380560794,0.298193907,-2.15782627,25.0018006,4.44397876292071,0.17774634851382304
ILC1-1/8,8,1.2,800,0.18,800.0,200,2,2.465627744275839,0.3,801.547949,801.170586,1.547949000000017,1.6109425,2.27749615,2.0096036,-1.25161581,8.01405642,1.4532421475233692,0.1813366504254495
