tube,R_op,V_op,T_op,P_op,r_top_ref,r_bot_ref,r_sense,r_amb,r_int_scale,T_peak,T_final,T_overshoot,t_95target,t_settle_5K,t_settle_10K,v_ctl_final,R_final,V_fil_rms,I_fil_rms
IV-3,100,1.0,800,0.01,1000.0,100,10,30.82034680344799,0.3,801.865678,801.502543,1.8656780000000026,1.43654376,2.59506929,2.10619063,0.716653421,100.225272,1.0047598851497466,0.010025015299033027
IV-6,20,1.0,800,0.05,2000.0,500,5,6.164069360689598,0.3,806.170942,805.810399,6.170941999999968,2.06641299,3.17746227,2.78014263,-1.08754804,20.1744404,1.018786321259388,0.05049886396151974
ILC1-1/7,25,5.0,800,1.0,5000.0,1000,5,7.705086700861997,0.3,805.570694,799.55959,5.570694000000003,0.31815511,0.426150142,0.330702589,-2.31018621,24.9834962,4.989200526556618,0.1996998533198335
ILC1-1/8,8,1.2,800,0.18,800.0,200,2,2.465627744275839,0.3,801.546624,801.22991,1.5466239999999516,1.66303974,2.29550004,2.03867623,-1.38239378,8.01476852,1.2040669577029541,0.15023103346008476
