tube,R_op,V_op,T_op,P_op,r_top_ref,r_bot_ref,r_sense,r_amb,r_int_scale,T_peak,T_final,T_overshoot,t_95target,t_settle_5K,t_settle_10K,v_ctl_final,R_final,V_fil_rms,I_fil_rms
IV-3,100,1.0,800,0.01,1000.0,100,10,30.82034680344799,0.3,801.865678,801.502543,1.8656780000000026,1.43654376,2.59506929,2.10619063,0.716653421,100.225272,1.0047598851497466,0.010025015299033027
IV-6,20,1.0,800,0.05,2000.0,500,5,6.164069360689598,0.3,802.750964,802.578641,2.7509639999999536,1.74873999,2.37514686,2.12481935,-1.80838021,20.0773862,1.0098781131906178,0.05029928214413776
ILC1-1/7,25,5.0,800,1.0,5000.0,1000,5,7.705086700861997,0.3,806.827242,799.581157,6.827241999999956,0.413126166,0.590706959,0.440070645,-2.62586178,24.9843049,4.99391518175398,0.19988209404833113
ILC1-1/8,8,1.2,800,0.18,800.0,200,2,2.465627744275839,0.3,800.68714,800.611379,0.6871399999999994,1.18893721,1.53041419,1.3804124,-1.99383458,8.00734443,1.2039416860424563,0.15035467708018355
