tube,R_op,V_op,T_op,P_op,r_top_ref,r_bot_ref,r_sense,r_amb,r_int_scale,T_peak,T_final,T_overshoot,t_95target,t_settle_5K,t_settle_10K,v_ctl_final,R_final,V_fil_rms,I_fil_rms
IV-3,100,1.0,800,0.01,990.0,100,10,30.82034680344799,0.3,785.667371,782.890987,-14.332628999999997,0.315050849,0.340147703,0.307759958,-0.55241608,97.4390201,0.8350508206330677,0.00856998376806406
IV-6,20,1.0,800,0.05,1980.0,500,5,6.164069360689598,0.3,1020.76145,1019.87093,220.76144999999997,0.113397242,0.385572143,0.308343252,-0.506117177,26.7655588,2.6725518066564544,0.09985040202696811
ILC1-1/7,25,5.0,800,1.0,4950.0,1000,5,7.705086700861997,0.3,836.577181,836.421289,36.577180999999996,0.179137599,0.348096326,0.300942664,0.0,26.3719537,4.1546475364592235,0.15754037731604328
ILC1-1/8,8,1.2,800,0.18,792.0,200,2,2.465627744275839,0.3,888.184073,887.218685,88.18407300000001,0.145947118,0.317939119,0.283227651,-0.545459696,9.05772676,1.9830614894380911,0.21893589219267762
