tube,R_op,V_op,T_op,P_op,r_top_ref,r_bot_ref,r_sense,r_amb,r_int_scale,T_peak,T_final,T_overshoot,t_95target,t_settle_5K,t_settle_10K,v_ctl_final,R_final,V_fil_rms,I_fil_rms
IV-3,100,1.0,800,0.01,1000.0,100,10,30.82034680344799,0.3,801.865678,801.502543,1.8656780000000026,1.43654376,2.59506929,2.10619063,0.716653421,100.225272,1.0047598851497466,0.010025015299033027
IV-6,20,1.0,800,0.05,2000.0,500,5,6.164069360689598,0.3,994.131983,800.581984,194.131983,0.105684084,1.07351813,0.950117141,-2.27052987,20.0174629,1.0043303864499185,0.05017271127051363
ILC1-1/7,25,5.0,800,1.0,5000.0,1000,5,7.705086700861997,0.3,871.740122,799.862082,71.74012200000004,0.207804646,0.813561457,0.735361804,-2.32505789,24.9948389,4.991319093792736,0.1996939893776525
ILC1-1/8,8,1.2,800,0.18,800.0,200,2,2.465627744275839,0.3,981.040691,800.155973,181.04069100000004,0.124623127,0.999284881,0.8929366,-2.28012076,8.00187903,1.203299553445058,0.15037712378976792
