tube,R_op,V_op,T_op,P_op,r_top_ref,r_bot_ref,r_sense,r_amb,r_int_scale,T_peak,T_final,T_overshoot,t_95target,t_settle_5K,t_settle_10K,v_ctl_final,R_final,V_fil_rms,I_fil_rms
IV-3,100,1.0,800,0.01,1000.0,100,10,30.82034680344799,0.3,801.865678,801.502543,1.8656780000000026,1.43654376,2.59506929,2.10619063,0.716653421,100.225272,1.1237562202266944,0.011212304020753312
IV-6,20,1.0,800,0.05,2000.0,500,5,6.164069360689598,0.3,806.167168,805.836353,6.167167999999947,1.98511071,3.17643196,2.75202939,-1.14863755,20.1752202,1.2291098526219735,0.06092175651307011
ILC1-1/7,25,5.0,800,1.0,5000.0,1000,5,7.705086700861997,0.3,805.436109,799.682367,5.436108999999988,0.453779196,0.824061238,0.510682964,-2.55324277,24.9880999,4.636481373978994,0.18554757634769156
ILC1-1/8,8,1.2,800,0.18,800.0,200,2,2.465627744275839,0.3,801.495304,801.385231,1.4953040000000328,1.64392905,2.34455711,2.06009925,-1.71444024,8.01663299,1.3184885930964523,0.1644691224783701
