tube,R_op,V_op,T_op,P_op,r_top_ref,r_bot_ref,r_sense,r_amb,r_int_scale,T_peak,T_final,T_overshoot,t_95target,t_settle_5K,t_settle_10K,v_ctl_final,R_final,V_fil_rms,I_fil_rms
IV-3,100,1.0,800,0.01,1000.0,100,10,30.82034680344799,0.3,802.036489,801.83579,2.0364889999999605,1.06031322,2.23980143,1.73490777,-2.39892515,100.275279,1.1515636289647713,0.011484023185463002
IV-6,20,1.0,800,0.05,2000.0,500,5,6.164069360689598,0.3,806.303718,805.955552,6.3037180000000035,1.60965355,2.81389158,2.38350831,-1.23652972,20.1788014,1.3303002085214435,0.06592563067306086
ILC1-1/7,25,5.0,800,1.0,5000.0,1000,5,7.705086700861997,0.3,850.610085,799.745534,50.610085000000026,0.192770939,0.999388923,0.825863582,-0.19545841,24.9904685,4.505532946102777,0.1802900552305683
ILC1-1/8,8,1.2,800,0.18,800.0,200,2,2.465627744275839,0.3,801.554303,801.476557,1.5543030000000044,1.33473685,2.02330485,1.74341358,-1.22529368,8.01772928,1.5209168037988683,0.1896942077593905
