tube,R_op,V_op,T_op,P_op,r_top_ref,r_bot_ref,r_sense,r_amb,r_int_scale,T_peak,T_final,T_overshoot,t_95target,t_settle_5K,t_settle_10K,v_ctl_final,R_final,V_fil_rms,I_fil_rms
IV-3,100,1.0,800,0.01,1000.0,100,10,30.82034680344799,0.3,801.865678,801.502543,1.8656780000000026,1.43654376,2.59506929,2.10619063,0.716653421,100.225272,1.0047598851497466,0.010025015299033027
IV-6,20,1.0,800,0.05,2000.0,500,5,6.164069360689598,0.3,802.636333,799.578002,2.636333000000036,2.26171056,2.32022669,2.29867042,-2.33699894,19.9873428,0.998510984631726,0.04995716512310611
ILC1-1/7,25,5.0,800,1.0,5000.0,1000,5,7.705086700861997,0.3,805.198888,799.524709,5.198888000000011,0.316299148,0.412084813,0.32919751,-2.34019621,24.9821884,4.989613643978577,0.19972684394528775
ILC1-1/8,8,1.2,800,0.18,800.0,200,2,2.465627744275839,0.3,791.359759,788.575661,-8.640240999999946,1.7003159,1.77288379,1.72570889,-2.65774231,7.86311165,1.1547916276977337,0.14686191409958343
