tube,R_op,V_op,T_op,P_op,r_top_ref,r_bot_ref,r_sense,r_amb,r_int_scale,T_peak,T_final,T_overshoot,t_95target,t_settle_5K,t_settle_10K,v_ctl_final,R_final,V_fil_rms,I_fil_rms
IV-3,100,1.0,800,0.01,990.0,100,10,30.82034680344799,0.3,795.485998,794.42763,-4.514002000000005,0.280822074,0.371197759,0.328429991,-0.582086704,99.1645772,0.8278902419994145,0.008348648936703323
IV-6,20,1.0,800,0.05,1980.0,500,5,6.164069360689598,2.85,801.936218,801.770527,1.9362180000000535,2.41294778,4.33193149,3.73098201,-0.83648318,20.0531296,0.8464209448420023,0.042208920090059276
ILC1-1/7,25,5.0,800,1.0,4950.0,1000,5,7.705086700861997,1.98,374.374372,374.352718,-425.625628,nan,3.22856391,2.54536153,-1.0,10.0500772,0.4933368526576083,0.049087866972564974
ILC1-1/8,8,1.2,800,0.18,792.0,200,2,2.465627744275839,7.2,468.350707,466.003181,-331.649293,nan,2.21966245,1.95941826,-0.737639094,4.18262623,0.3005870783868287,0.07186563222667608
