tube,R_op,V_op,T_op,P_op,r_top_ref,r_bot_ref,r_sense,r_amb,r_int_scale,T_peak,T_final,T_overshoot,t_95target,t_settle_5K,t_settle_10K,v_ctl_final,R_final,V_fil_rms,I_fil_rms
IV-3,100,1.0,800,0.01,1000.0,100,10,30.82034680344799,0.3,801.865678,801.502543,1.8656780000000026,1.43654376,2.59506929,2.10619063,0.716653421,100.225272,1.0047598851497466,0.010025015299033027
IV-6,20,1.0,800,0.05,2000.0,500,5,6.164069360689598,0.3,805.060571,799.540809,5.060570999999982,2.16781944,2.39668814,2.20079615,-2.39545241,19.9862271,0.9983065251867869,0.04994972388694547
ILC1-1/7,25,5.0,800,1.0,5000.0,1000,5,7.705086700861997,0.3,804.580919,799.43184,4.580918999999994,0.439186208,0.607770732,0.47814385,-2.67025802,24.9787062,4.988614358163946,0.19971468170613038
ILC1-1/8,8,1.2,800,0.18,800.0,200,2,2.465627744275839,0.3,810.892843,799.683231,10.89284299999997,1.74437216,2.05855291,1.93210292,-2.36449212,7.99620624,1.1979454248571877,0.1498142230079833
