tube,R_op,V_op,T_op,P_op,r_top_ref,r_bot_ref,r_sense,r_amb,r_int_scale,T_peak,T_final,T_overshoot,t_95target,t_settle_5K,t_settle_10K,v_ctl_final,R_final,V_fil_rms,I_fil_rms
IV-3,100,1.0,800,0.01,1000.0,100,10,30.82034680344799,0.3,801.865678,801.502543,1.8656780000000026,1.43654376,2.59506929,2.10619063,0.716653421,100.225272,1.0047598851497466,0.010025015299033027
IV-6,20,1.0,800,0.05,2000.0,500,5,6.164069360689598,0.3,801.561182,799.708923,1.5611820000000307,2.26675153,2.33381405,2.30776868,-2.3034355,19.9912701,1.0000257659054452,0.05002312313840656
ILC1-1/7,25,5.0,800,1.0,5000.0,1000,5,7.705086700861997,0.3,804.580919,799.43184,4.580918999999994,0.439186208,0.607770732,0.47814385,-2.67025802,24.9787062,4.988614358163946,0.19971468170613038
ILC1-1/8,8,1.2,800,0.18,800.0,200,2,2.465627744275839,0.3,803.586479,799.721688,3.586479000000054,1.75396584,1.80205829,1.78448318,-2.34620231,7.99666768,1.1981379873452984,0.14982965846409893
