tube,R_op,V_op,T_op,P_op,r_top_ref,r_bot_ref,r_sense,r_amb,r_int_scale,T_peak,T_final,T_overshoot,t_95target,t_settle_5K,t_settle_10K,v_ctl_final,R_final,V_fil_rms,I_fil_rms
IV-3,100,1.0,800,0.01,990.0,100,10,30.82034680344799,0.3,785.667371,782.890987,-14.332628999999997,0.315050849,0.340147703,0.307759958,-0.55241608,97.4390201,0.8350508206330677,0.00856998376806406
IV-6,20,1.0,800,0.05,1980.0,500,5,6.164069360689598,0.3,1145.68071,1142.74746,345.6807100000001,0.0666466539,0.307301912,0.236085321,-0.856816151,30.6804957,3.7797031990873,0.1231956366039842
ILC1-1/7,25,5.0,800,1.0,4950.0,1000,5,7.705086700861997,0.3,836.577181,836.421289,36.577180999999996,0.179137599,0.348096326,0.300942664,0.0,26.3719537,4.1546475364592235,0.15754037731604328
ILC1-1/8,8,1.2,800,0.18,792.0,200,2,2.465627744275839,0.3,971.244047,969.97024,171.24404700000002,0.0936562942,0.266206129,0.237097743,-0.369789632,10.0807418,2.665059090007293,0.26437132731713187
