tube,R_op,V_op,T_op,P_op,r_top_ref,r_bot_ref,r_sense,r_amb,r_int_scale,T_peak,T_final,T_overshoot,t_95target,t_settle_5K,t_settle_10K,v_ctl_final,R_final,V_fil_rms,I_fil_rms
IV-3,100,1.0,800,0.01,990.0,100,10,30.82034680344799,0.3,783.792364,782.798126,-16.20763599999998,0.331239762,0.365476186,0.320914753,-0.557746892,97.4251512,0.8365009372985851,0.008586088160965412
IV-6,20,1.0,800,0.05,1980.0,500,5,6.164069360689598,0.3,990.804025,990.465819,190.80402500000002,0.113448908,0.467401276,0.357069671,-0.673147567,25.8421979,2.130052199964932,0.08242534974027622
ILC1-1/7,25,5.0,800,1.0,4950.0,1000,5,7.705086700861997,0.3,835.093749,835.059431,35.093749,0.17772972,0.364135151,0.308996759,0.0,26.3204356,4.477411402202171,0.17011159960445987
ILC1-1/8,8,1.2,800,0.18,792.0,200,2,2.465627744275839,0.3,878.054684,877.710026,78.05468399999995,0.137566005,0.320961718,0.273845385,-0.601854624,8.94136186,1.8312710612314944,0.20480896421649736
