tube,R_op,V_op,T_op,P_op,r_top_ref,r_bot_ref,r_sense,r_amb,r_int_scale,T_peak,T_final,T_overshoot,t_95target,t_settle_5K,t_settle_10K,v_ctl_final,R_final,V_fil_rms,I_fil_rms
IV-3,100,1.0,800,0.01,1000.0,100,10,30.82034680344799,0.3,801.865678,801.502543,1.8656780000000026,1.43654376,2.59506929,2.10619063,0.716653421,100.225272,1.1237562202266944,0.011212304020753312
IV-6,20,1.0,800,0.05,2000.0,500,5,6.164069360689598,0.3,914.949103,800.550492,114.94910300000004,0.182749615,1.4034527,1.29917028,-2.32617518,20.016518,0.9325449445023635,0.046588769560338285
ILC1-1/7,25,5.0,800,1.0,5000.0,1000,5,7.705086700861997,0.3,873.222885,799.964577,73.22288500000002,0.227981824,0.834636136,0.758404579,-2.35050754,24.9986823,4.911554743536805,0.19647254541639603
ILC1-1/8,8,1.2,800,0.18,800.0,200,2,2.465627744275839,0.3,840.056291,800.154965,40.05629099999999,0.346853877,2.7969268,2.55115164,-2.06689021,8.00186693,1.0832133917892293,0.13537008316498325
