tube,R_op,V_op,T_op,P_op,r_top_ref,r_bot_ref,r_sense,r_amb,r_int_scale,T_peak,T_final,T_overshoot,t_95target,t_settle_5K,t_settle_10K,v_ctl_final,R_final,V_fil_rms,I_fil_rms
IV-3,100,1.0,800,0.01,1000.0,100,10,30.82034680344799,0.3,801.865678,801.502543,1.8656780000000026,1.43654376,2.59506929,2.10619063,0.716653421,100.225272,1.1237562202266944,0.011212304020753312
IV-6,20,1.0,800,0.05,2000.0,500,5,6.164069360689598,0.3,994.218098,800.606208,194.21809800000005,0.108550647,1.07652617,0.953148962,-2.2483446,20.0181897,0.9860985212105412,0.04926012471599973
ILC1-1/7,25,5.0,800,1.0,5000.0,1000,5,7.705086700861997,0.3,896.582517,800.150756,96.58251700000005,0.180768493,0.72230007,0.646071218,-2.2684446,25.0056642,5.3189328865862375,0.21270912238300943
ILC1-1/8,8,1.2,800,0.18,800.0,200,2,2.465627744275839,0.3,948.494117,799.976072,148.49411699999996,0.17591659,1.11764194,1.01832299,-2.37204516,7.99972018,1.3243080380951457,0.16554429508747465
